name	sequence	charge	stfi_neutral_mass	stfi_formula	stfi_M0_NC	stfi_M1_NC	stfi_M0_12C	stfi_M1_12C
seq1	VPK(Oxidation)ER	2	643.36532419067	C27H51O9N9	0.7037023765530716	0.23543137156284938	0.938339759912903	0.04244730714352668
seq2	VLLIDLRIPQR(Phospho)SAINHIVAPNLVNVDPNLLWDK	3	3838.1022643587894	C172H288O49N48P1	0.11308454311128492	0.23627735941497488	0.7071563536900175	0.1741608162375529
seq3	QRTTFFVLGINTVNYPDIYEHILER	2	3037.56615575404	C140H214O40N36	0.17192000472677063	0.29003268314604863	0.7644071080586311	0.14280698212145734
seq4	AELFL(Glutathione)LNR	1	1279.6230720783099	C55H90O18N15S1	0.47088227298965996	0.31807282610880205	0.8462196440774845	0.0728749019874788
seq5	.(Acetyl)VGEVFINYIQRQNELFQGKLAYLII(Oxidation)DTCLSIVRPNDSKPLDNR	4	5049.63861600015	C226H365O68N61S1	0.05417296058666768	0.14873470210020426	0.602333437758209	0.19503560856887914
seq6	YKTMNTFDPD(Heme)EKFEWFQVWQAVK	2	3552.56164490527	C173H227O42N35S1	0.11412815567709074	0.23402086836029895	0.7213292752661515	0.14187843090564287
seq7	HKSASSPAV(Pro-&gt;Val)NADTDIQDSSTPSTSPSGRR	2	2957.40748283616	C118H198O49N40	0.21037550761092091	0.30829218128938995	0.7398866215988722	0.14870452380247695
seq8	FHNK	1	544.27578091028	C25H37O6N8	0.7281205110566825	0.2231565512772339	0.950423678912205	0.036676880813002036
seq9	.(Glutathione)MDLEIK	3	1052.4518328895601	C42H75O17N10S2	0.5258517009900313	0.27465762228958784	0.8227403058336873	0.05944288050042882
seq10	LANEKPEDVFER	2	1445.71505788685	C63H101O22N17	0.4468427705622174	0.3414677068451598	0.8744882369044883	0.07790675904150712
seq11	.(Acetyl)SDTPLR(Oxidation)D(Acetyl)EDG(Acetyl)LDFWETLRSLATTNPNPPVEK	3	3654.73256492429	C159H246O58N41	0.13120046519078452	0.25210497770073603	0.7142928518727446	0.15551999744310468
