sequence	mass	formula	formula_X	M0_NC	M1_NC	M0_12C	M1_12C
YAQEISR	865.42938099921	C37H59O13N11	C37H59O13N11	0.6206414140575179	0.280870823368276	0.9206561231798033	0.05161907174495234
VGFPVLSVKEHK	1338.7659712609	C63H102O16N16	C63H102O16N16	0.4550358985377136	0.34506032928190855	0.8905224988642593	0.07411308335404865
LAMVIIKEFVDDLK	1632.91606619252	C76H128O21N16S1	C76H128O21N16S1	0.36994021481230627	0.3373188347614264	0.8315762004558261	0.08101653544902196
